{
    "run" : "7-4-2022-025s-30t-5n",
    "info" :
    {
        "maxN" : 5,
        "n" :
        {
            "3" :
            {
                "s" :
                { 
                    "0.25" :
                    {
                        "maxima" : [1.12279,1.12279,1.12279,1.12279,1.12279,1.12279,1.12279,1.12279,
                            1.12279,1.12279,1.12279,1.12279,1.12279,1.12279,1.12279,1.12279,
                            1.12279,1.12279,1.12279,1.12279,1.12279,1.12279,1.12279,1.12279,
                            1.12279,1.12279,1.12279,1.12279,1.12279,1.12279],
                        "meanOfMaxima" : 1.12279
                    },

                    "0.5" :
                    {
                        "maxima" : [1.12279,1.12279,1.12279,1.12279,1.12279,1.12279,1.12279,1.12279,
                            1.12279,1.12279,1.12279,1.12279,1.12279,1.12279,1.12279,1.12279,
                            1.12279,1.12279,1.12279,1.12279,1.12279,1.12279,1.12279,1.12279,
                            1.12279,1.12279,1.12279,1.12279,1.12279,1.12279],
                        "meanOfMaxima" : 1.12279
                    }
                }
            },
            "5" : 
            {    "s" :
                { 
                    "0.25" :
                    {
                        "maxima" : [0.741563,0.741563,0.741563,0.741563,0.741563,0.741563,0.741563,
                            0.741563,0.741563,0.741563,0.741563,0.741563,0.741563,0.741563,
                            0.741563,0.741563,0.741563,0.741563,0.741563,0.741563,0.741563,
                            0.741563,0.741563,0.741563,0.741563,0.741563,0.741563,0.741563,
                            0.741563,0.741563],
                        "meanOfMaxima" : 0.741563
                    },

                    "0.5" :
                    {
                        "maxima" : [0.741563,0.741563,0.741563,0.741563,0.741563,0.741563,0.741563,
                            0.741563,0.741563,0.741563,0.741563,0.741563,0.741563,0.741563,
                            0.741563,0.741563,0.741563,0.741563,0.741563,0.741563,0.741563,
                            0.741563,0.741563,0.741563,0.741563,0.741563,0.741563,0.741563,
                            0.741563,0.741563],
                        "meanOfMaxima" : 0.741563
                    }
                }
            }
                
        }
    }
}