{
    "run" : "7-4-2022-025s-30t-5n",
    "info" :
    {
        "s" : 0.25,
        "numTrials" : 30,
        "maxN" : 5,
        "n" :
        {
            "5" : 
            {
                "eigenVals" : [0.0, 0.9854636133271846, 3.7714588419085953, 7.876261800750427,
                                12.59011476730474],
                "eigenVectors" : [[0.70710678,  0.64597419,  0.47314679,  0.21850801, -0.07391279],
                                    [0.70710678,  0.47314679, -0.07391279, -0.5720614, -0.6916548],
                                    [0.00000000e+00, -1.47015766e-01, 2.87606238e-01,
                                    -4.15626938e-01, 5.25482745e-01],
                                    [0.00000000e+00, -4.15626938e-01, 6.72498512e-01,
                                    -6.72498512e-01, 4.15626938e-01]],
                "coefficients" : [[0.70970008, 0.64834328, 0.47488204, 0.21930939, -0.07418386],
                                    [0.50740841, 0.3395225 , -0.05303862, -0.41050202, -0.49632032],
                                    [0.42208991, 0.13043295, -0.34147791, -0.34147791, 0.13043295],
                                    [0.37538558, -0.03923848, -0.3671825, 0.11600052, 0.34293179]],
                "trialData" : [[-1.43678, 0.522057, 0.741563, -0.616475, -1.84143],
                                [-1.43678, 0.522057, 0.741563, -0.616475, -1.84143],
                                [-1.43678, 0.522057, 0.741563, -0.616475, -1.84143],
                                [-1.43678, 0.522057, 0.741563, -0.616475, -1.84143],
                                [-1.43678, 0.522057, 0.741563, -0.616475, -1.84143],
                                [-1.43678, 0.522057, 0.741563, -0.616475, -1.84143],
                                [-1.43678, 0.522057, 0.741563, -0.616475, -1.84143],
                                [-1.43678, 0.522057, 0.741563, -0.616475, -1.84143],
                                [-1.43678, 0.522057, 0.741563, -0.616475, -1.84143],
                                [-1.43678, 0.522057, 0.741563, -0.616475, -1.84143],
                                [-1.43678, 0.522057, 0.741563, -0.616475, -1.84143],
                                [-1.43678, 0.522057, 0.741563, -0.616475, -1.84143],
                                [-1.43678, 0.522057, 0.741563, -0.616475, -1.84143],
                                [-1.43678, 0.522057, 0.741563, -0.616475, -1.84143],
                                [-1.43678, 0.522057, 0.741563, -0.616475, -1.84143],
                                [-1.43678, 0.522057, 0.741563, -0.616475, -1.84143],
                                [-1.43678, 0.522057, 0.741563, -0.616475, -1.84143],
                                [-1.43678, 0.522057, 0.741563, -0.616475, -1.84143],
                                [-1.43678, 0.522057, 0.741563, -0.616475, -1.84143],
                                [-1.43678, 0.522057, 0.741563, -0.616475, -1.84143],
                                [-1.43678, 0.522057, 0.741563, -0.616475, -1.84143],
                                [-1.43678, 0.522057, 0.741563, -0.616475, -1.84143],
                                [-1.43678, 0.522057, 0.741563, -0.616475, -1.84143],
                                [-1.43678, 0.522057, 0.741563, -0.616475, -1.84143],
                                [-1.43678, 0.522057, 0.741563, -0.616475, -1.84143],
                                [-1.43678, 0.522057, 0.741563, -0.616475, -1.84143],
                                [-1.43678, 0.522057, 0.741563, -0.616475, -1.84143],
                                [-1.43678, 0.522057, 0.741563, -0.616475, -1.84143],
                                [-1.43678, 0.522057, 0.741563, -0.616475, -1.84143],
                                [-1.43678, 0.522057, 0.741563, -0.616475, -1.84143]],
                "maxima" : [0.741563,0.741563,0.741563,0.741563,0.741563,0.741563,0.741563,
                            0.741563,0.741563,0.741563,0.741563,0.741563,0.741563,0.741563,
                            0.741563,0.741563,0.741563,0.741563,0.741563,0.741563,0.741563,
                            0.741563,0.741563,0.741563,0.741563,0.741563,0.741563,0.741563,
                            0.741563,0.741563],
                "meanOfMaxima" : 0.741563
            }
        }
    }
}